title,path
Default,default
Mustang Sally,mustang_sally
The Middle,the_middle
My Own Worst Enemy,my_own_worst_enemy
Santeria,santeria
Soulshine,soulshine
Mary Jane's Last Dance,mary_janes_last_dance
You Wreck Me,you_wreck_me
What's Up,whats_up
Summer of '69,summer_of_69
Can't You See,cant_you_see
Drift Away,drift_away
The Joker,the_joker
Take It Easy,take_it_easy
Bad Moon Rising,bad_moon_rising
The Weight,the_weight
Sweet Caroline,sweet_caroline
S.O.B.,sob
The Once and Future Carpenter,the_once_and_future_carpenter
Take Me Home (Country Roads),take_me_home_country_roads
Cover Me Up,cover_me_up
A Pirate Looks at Forty,a_pirate_looks_at_forty
Sand In My Boots,sand_in_my_boots
AA,a_a
I Was On a Boat That Day,i_was_on_a_boat_that_day
Til You Can't,til_you_cant
I Never Lie,i_never_lie
What Kinda Man,what_kinda_man
Fast Car,fast_car
She Had Me at Heads Carolina,she_had_me_at_heads_carolina
Flower Shops,flower_shops
Open The Gates,open_the_gates
Liquor and Whores,liquor_and_whores
"I Like It, I Love It",i_like_it_i_love_it
Tennessee Whiskey,tennessee_whiskey
Beer Never Broke My Heart,beer_never_broke_my_heart
When It Rains It Pours,when_it_rains_it_pours
Head Over Boots,head_over_boots
Nobody To Blame,nobody_to_blame
Drink in My Hand,drink_in_my_hand
Drunk Last Night,drunk_last_night
Honey Bee,honey_bee
Goodbye Says It All,goodbye_says_it_all
Wagon Wheel,wagon_wheel
Big Green Tractor,big_green_tractor
Chicken Fried,chicken_fried
In Color,in_color
People Are Crazy,people_are_crazy
Toes,toes
All My Friends Say,all_my_friends_say
Goodbye Earl,goodbye_earl
Right Where I Need To Be,right_where_i_need_to_be
Check Yes or No,check_yes_or_no
"I Like It, I Love It",i_like_it_i_love_it
Sold (Grundy Auction Incident),sold_grundy_auction_incident
That Ain't My Truck,that_aint_my_truck
Dust on the Bottle,dust_on_the_bottle
Watermelon Crawl,watermelon_crawl
Queen of My Double Wide Trailer,queen_of_my_double_wide_trailer
Boot Scootin Boogie,boot_scootin_boogie
John Deere Green,john_deere_green
Should Have Been a Cowboy,should_have_been_a_cowboy
Some Girls Do,some_girls_do
Chattahoochee,chattahoochee
Cadillac Ranch,cadillac_ranch
Here's A Quarter,heres_a_quarter
Neon Moon,neon_moon
Friends in Low Places,friends_in_low_places
Killin' Time,killin_time
Time Marches On,time_marches_on
Brand New Man,brand_new_man
Goodbye Earl,goodbye_earl
Goodbye Says It All,goodbye_says_it_all
Don't Close Your Eyes,dont_close_your_eyes
Fast as You,fast_as_you
Goodbye Says It All,goodbye_says_it_all
Church On Cumberland Road,church_on_cumberland_road
Killin' Time,killin_time
The Dance,the_dance
Two Dozen Roses,two_dozen_roses
Copperhead Road,copperhead_road
Don't Close Your Eyes,dont_close_your_eyes
I'm No Stranger to the Rain,im_no_stranger_to_the_rain
Fishin' In The Dark,fishin_in_the_dark
"Guitars, Cadillacs",guitars_cadillacs
God Bless The U.S.A.,god_bless_the_usa
The Fireman,the_fireman
When We Make Love,when_we_make_love
Dixieland Delight,dixieland_delight
Tennessee River,tennessee_river
Amarillo By Morning,amarillo_by_morning
Redneck Girl,redneck_girl
When We Make Love,when_we_make_love
Driving My Life Away,driving_my_life_away
Tennessee River,tennessee_river
Drinkin' My Baby Goodbye,drinkin_my_baby_goodbye
My Maria,my_maria
Family Tradition,family_tradition
Luckenbach Texas,luckenbach_texas
Margaritaville,margaritaville
You Never Even Called Me,you_never_even_called_me
Good Hearted Woman,good_hearted_woman
Whiskey River,whiskey_river
The Race Is On,the_race_is_on
Silver Wings,silver_wings
Ring of Fire,ring_of_fire
Folsom Prison Blues,folsom_prison_blues
Your Cheatin' Heart,your_cheatin_heart
